{
    "颜文字": {
        "type": "emoticon",
        "container": [
                {
                    "icon": "OωO",
                    "text": "Author: DIYgod"
                },
                {
                    "icon": "|´・ω・)ノ",
                    "text": "Hi"
                },
                {
                    "icon": "ヾ(≧∇≦*)ゝ",
                    "text": "开心"
                },
                {
                    "icon": "(☆ω☆)",
                    "text": "星星眼"
                },
                {
                    "icon": "（╯‵□′）╯︵┴─┴",
                    "text": "掀桌"
                },
                {
                    "icon": "￣﹃￣",
                    "text": "流口水"
                },
                {
                    "icon": "(/ω＼)",
                    "text": "捂脸"
                },
                {
                    "icon": "∠( ᐛ 」∠)＿",
                    "text": "给跪"
                },
                {
                    "icon": "(๑•̀ㅁ•́ฅ)",
                    "text": "Hi"
                },
                {
                    "icon": "→_→",
                    "text": "斜眼"
                },
                {
                    "icon": "୧(๑•̀⌄•́๑)૭",
                    "text": "加油"
                },
                {
                    "icon": "٩(ˊᗜˋ*)و",
                    "text": "有木有WiFi"
                },
                {
                    "icon": "(ノ°ο°)ノ",
                    "text": "前方高能预警"
                },
                {
                    "icon": "(´இ皿இ｀)",
                    "text": "我从未见过如此厚颜无耻之人"
                },
                {
                    "icon": "⌇●﹏●⌇",
                    "text": "吓死宝宝惹"
                },
                {
                    "icon": "(ฅ´ω`ฅ)",
                    "text": "已阅留爪"
                },
                {
                    "icon": "(╯°A°)╯︵○○○",
                    "text": "去吧大师球"
                },
                {
                    "icon": "φ(￣∇￣o)",
                    "text": "太萌惹"
                },
                {
                    "icon": "ヾ(´･ ･｀｡)ノ\"",
                    "text": "咦咦咦"
                },
                {
                    "icon": "( ง ᵒ̌皿ᵒ̌)ง⁼³₌₃",
                    "text": "气呼呼"
                },
                {
                    "icon": "(ó﹏ò｡)",
                    "text": "我受到了惊吓"
                },
                {
                    "icon": "Σ(っ °Д °;)っ",
                    "text": "什么鬼"
                },
                {
                    "icon": "( ,,´･ω･)ﾉ\"(´っω･｀｡)",
                    "text": "摸摸头"
                },
                {
                    "icon": "╮(╯▽╰)╭ ",
                    "text": "无奈"
                },
                {
                    "icon": "o(*////▽////*)q ",
                    "text": "脸红"
                },
                {
                    "icon": "＞﹏＜",
                    "text": ""
                },
                {
                    "icon": "( ๑´•ω•) \"(ㆆᴗㆆ)",
                    "text": ""
                },
                {
                    "icon": "(｡•ˇ‸ˇ•｡)",
                    "text": ""
                }
        ]
    },
    "斗图": {
        "type": "image",
        "container": [
            {
                "icon": "<img src=\"https://ww4.sinaimg.cn/large/a15b4afegy1fcgqhueqq7j202702ft8h\" />",
                "text": "face1"
            },
            {
                "icon": "<img src=\"https://ww4.sinaimg.cn/large/a15b4afegy1fcgqhtst77j201q028we9\" />",
                "text": "face2"
            },
            {
                "icon": "<img src=\"https://ww4.sinaimg.cn/large/a15b4afegy1fcgqhuiqflj202401r0sh\" />",
                "text": "face3"
            },
            {
                "icon": "<img src=\"https://ww4.sinaimg.cn/large/a15b4afegy1fcgqhviscyj202a01ya9t\" />",
                "text": "face4"
            },
            {
                "icon": "<img src=\"https://ww4.sinaimg.cn/large/a15b4afegy1fcgqhvwnvpj203c02p0si\" />",
                "text": "face5"
            },
            {
                "icon": "<img src=\"https://ww4.sinaimg.cn/large/a15b4afegy1fcgqhwtenoj203902g743\" />",
                "text": "face6"
            },
            {
                "icon": "<img src=\"https://ww4.sinaimg.cn/large/a15b4afegy1fcgqhxgf4ij2034030jr7\" />",
                "text": "face7"
            },
            {
                "icon": "<img src=\"https://ww4.sinaimg.cn/large/a15b4afegy1fcgqhy4n5yj202k03kmwx\" />",
                "text": "face8"
            },
            {
                "icon": "<img src=\"https://ww4.sinaimg.cn/large/a15b4afegy1fcgqhyzy1sj202s02hjra\" />",
                "text": "face9"
            },
            {
                "icon": "<img src=\"https://ww4.sinaimg.cn/large/a15b4afegy1fcgqhzikudj201x021t8h\" />",
                "text": "face10"
            },
            {
                "icon": "<img src=\"https://ww4.sinaimg.cn/large/a15b4afegy1fcgqi06snoj202001zq2p\" />",
                "text": "face11"
            },
            {
                "icon": "<img src=\"https://ww4.sinaimg.cn/large/a15b4afegy1fcgqi1558gj201j026t8r\" />",
                "text": "face12"
            }
        ]
    },
	"泡泡": {
        "type": "image",
        "container": [{
            "text": "@(呵呵)",
            "icon": "<img src=\"//m.helingqi.com/expression/paopao/呵呵.png\" />"
        },
        {
            "text": "@(哈哈)",
            "icon": "<img src=\"//m.helingqi.com/expression/paopao/哈哈.png\" />"
        },
        {
            "text": "@(吐舌)",
            "icon": "<img src=\"//m.helingqi.com/expression/paopao/吐舌.png\" />"
        },
        {
            "text": "@(太开心)",
            "icon": "<img src=\"//m.helingqi.com/expression/paopao/太开心.png\" />"
        },
        {
            "text": "@(笑眼)",
            "icon": "<img src=\"//m.helingqi.com/expression/paopao/笑眼.png\" />"
        },
        {
            "text": "@(花心)",
            "icon": "<img src=\"//m.helingqi.com/expression/paopao/花心.png\" />"
        },
        {
            "text": "@(小乖)",
            "icon": "<img src=\"//m.helingqi.com/expression/paopao/小乖.png\" />"
        },
        {
            "text": "@(乖)",
            "icon": "<img src=\"//m.helingqi.com/expression/paopao/乖.png\" />"
        },
        {
            "text": "@(捂嘴笑)",
            "icon": "<img src=\"//m.helingqi.com/expression/paopao/捂嘴笑.png\" />"
        },
        {
            "text": "@(滑稽)",
            "icon": "<img src=\"//m.helingqi.com/expression/paopao/滑稽.png\" />"
        },
        {
            "text": "@(你懂的)",
            "icon": "<img src=\"//m.helingqi.com/expression/paopao/你懂的.png\" />"
        },
        {
            "text": "@(不高兴)",
            "icon": "<img src=\"//m.helingqi.com/expression/paopao/不高兴.png\" />"
        },
        {
            "text": "@(怒)",
            "icon": "<img src=\"//m.helingqi.com/expression/paopao/怒.png\" />"
        },
        {
            "text": "@(汗)",
            "icon": "<img src=\"//m.helingqi.com/expression/paopao/汗.png\" />"
        },
        {
            "text": "@(黑线)",
            "icon": "<img src=\"//m.helingqi.com/expression/paopao/黑线.png\" />"
        },
        {
            "text": "@(泪)",
            "icon": "<img src=\"//m.helingqi.com/expression/paopao/泪.png\" />"
        },
        {
            "text": "@(真棒)",
            "icon": "<img src=\"//m.helingqi.com/expression/paopao/真棒.png\" />"
        },
        {
            "text": "@(喷)",
            "icon": "<img src=\"//m.helingqi.com/expression/paopao/喷.png\" />"
        },
        {
            "text": "@(惊哭)",
            "icon": "<img src=\"//m.helingqi.com/expression/paopao/惊哭.png\" />"
        },
        {
            "text": "@(阴险)",
            "icon": "<img src=\"//m.helingqi.com/expression/paopao/阴险.png\" />"
        },
        {
            "text": "@(鄙视)",
            "icon": "<img src=\"//m.helingqi.com/expression/paopao/鄙视.png\" />"
        },
        {
            "text": "@(酷)",
            "icon": "<img src=\"//m.helingqi.com/expression/paopao/酷.png\" />"
        },
        {
            "text": "@(啊)",
            "icon": "<img src=\"//m.helingqi.com/expression/paopao/啊.png\" />"
        },
        {
            "text": "@(狂汗)",
            "icon": "<img src=\"//m.helingqi.com/expression/paopao/狂汗.png\" />"
        },
        {
            "text": "@(what)",
            "icon": "<img src=\"//m.helingqi.com/expression/paopao/what.png\" />"
        },
        {
            "text": "@(疑问)",
            "icon": "<img src=\"//m.helingqi.com/expression/paopao/疑问.png\" />"
        },
        {
            "text": "@(酸爽)",
            "icon": "<img src=\"//m.helingqi.com/expression/paopao/酸爽.png\" />"
        },
        {
            "text": "@(呀咩爹)",
            "icon": "<img src=\"//m.helingqi.com/expression/paopao/呀咩爹.png\" />"
        },
        {
            "text": "@(委屈)",
            "icon": "<img src=\"//m.helingqi.com/expression/paopao/委屈.png\" />"
        },
        {
            "text": "@(惊讶)",
            "icon": "<img src=\"//m.helingqi.com/expression/paopao/惊讶.png\" />"
        },
        {
            "text": "@(睡觉)",
            "icon": "<img src=\"//m.helingqi.com/expression/paopao/睡觉.png\" />"
        },
        {
            "text": "@(笑尿)",
            "icon": "<img src=\"//m.helingqi.com/expression/paopao/笑尿.png\" />"
        },
        {
            "text": "@(挖鼻)",
            "icon": "<img src=\"//m.helingqi.com/expression/paopao/挖鼻.png\" />"
        },
        {
            "text": "@(吐)",
            "icon": "<img src=\"//m.helingqi.com/expression/paopao/吐.png\" />"
        },
        {
            "text": "@(犀利)",
            "icon": "<img src=\"//m.helingqi.com/expression/paopao/犀利.png\" />"
        },
        {
            "text": "@(小红脸)",
            "icon": "<img src=\"//m.helingqi.com/expression/paopao/小红脸.png\" />"
        },
        {
            "text": "@(懒得理)",
            "icon": "<img src=\"//m.helingqi.com/expression/paopao/懒得理.png\" />"
        },
        {
            "text": "@(勉强)",
            "icon": "<img src=\"//m.helingqi.com/expression/paopao/勉强.png\" />"
        },
        {
            "text": "@(爱心)",
            "icon": "<img src=\"//m.helingqi.com/expression/paopao/爱心.png\" />"
        },
        {
            "text": "@(心碎)",
            "icon": "<img src=\"//m.helingqi.com/expression/paopao/心碎.png\" />"
        },
        {
            "text": "@(玫瑰)",
            "icon": "<img src=\"//m.helingqi.com/expression/paopao/玫瑰.png\" />"
        },
        {
            "text": "@(礼物)",
            "icon": "<img src=\"//m.helingqi.com/expression/paopao/礼物.png\" />"
        },
        {
            "text": "@(彩虹)",
            "icon": "<img src=\"//m.helingqi.com/expression/paopao/彩虹.png\" />"
        },
        {
            "text": "@(太阳)",
            "icon": "<img src=\"//m.helingqi.com/expression/paopao/太阳.png\" />"
        },
        {
            "text": "@(星星月亮)",
            "icon": "<img src=\"//m.helingqi.com/expression/paopao/星星月亮.png\" />"
        },
        {
            "text": "@(钱币)",
            "icon": "<img src=\"//m.helingqi.com/expression/paopao/钱币.png\" />"
        },
        {
            "text": "@(茶杯)",
            "icon": "<img src=\"//m.helingqi.com/expression/paopao/茶杯.png\" />"
        },
        {
            "text": "@(蛋糕)",
            "icon": "<img src=\"//m.helingqi.com/expression/paopao/蛋糕.png\" />"
        },
        {
            "text": "@(大拇指)",
            "icon": "<img src=\"//m.helingqi.com/expression/paopao/大拇指.png\" />"
        },
        {
            "text": "@(胜利)",
            "icon": "<img src=\"//m.helingqi.com/expression/paopao/胜利.png\" />"
        },
        {
            "text": "@(OK)",
            "icon": "<img src=\"//m.helingqi.com/expression/paopao/OK.png\" />"
        },
        {
            "text": "@(沙发)",
            "icon": "<img src=\"//m.helingqi.com/expression/paopao/沙发.png\" />"
        },
        {
            "text": "@(手纸)",
            "icon": "<img src=\"//m.helingqi.com/expression/paopao/手纸.png\" />"
        },
        {
            "text": "@(香蕉)",
            "icon": "<img src=\"//m.helingqi.com/expression/paopao/香蕉.png\" />"
        },
        {
            "text": "@(便便)",
            "icon": "<img src=\"//m.helingqi.com/expression/paopao/便便.png\" />"
        },
        {
            "text": "@(药丸)",
            "icon": "<img src=\"//m.helingqi.com/expression/paopao/药丸.png\" />"
        },
        {
            "text": "@(红领巾)",
            "icon": "<img src=\"//m.helingqi.com/expression/paopao/红领巾.png\" />"
        },
        {
            "text": "@(蜡烛)",
            "icon": "<img src=\"//m.helingqi.com/expression/paopao/蜡烛.png\" />"
        },
        {
            "text": "@(音乐)",
            "icon": "<img src=\"//m.helingqi.com/expression/paopao/音乐.png\" />"
        },
        {
            "text": "@(灯泡)",
            "icon": "<img src=\"//m.helingqi.com/expression/paopao/灯泡.png\" />"
        }]
    }
}